Tobias Baker,A001,1 Twin,150,2,360
Luke Emia,A002,2 Twin,180,4,864
Urm Om,A003,1 Queen,200,3,720
Dee Znuts,A004,2 Queen,220,6,1584
Hermoine Crab,A005,1 King,250,7,2100
Nut Ella,A006,2 King,300,2,720
Joana Davis,A007,1 Twin,150,4,720
Catherine Loker,A008,2 Twin,180,8,1728
Sophie Davis,A009,1 Queen,200,9,2160
Susan Johanson,A010,2 Queen,220,3,792
David Hemsworth,A011,1 King,250,5,1500
Callum Holland,A012,2 King,300,1,360
Geroge Jenner,A013,1 Twin,150,3,540
Black Kardashain,A014,2 Twin,180,5,1080
Daniel Roosevelt,A015,1 Queen,200,7,1680
Danielle Bolt,A016,2 Queen,220,6,1584
Kayla Renner,A017,1 King,250,8,2400
Josh Ranner,A018,2 King,300,9,3240
Caleb Boise,A019,1 Twin,150,2,360
Cameron Dunkin,A020,2 Twin,180,3,648
Carl Smith,A021,1 Queen,200,4,960
Hope Blake,A022,2 Queen,220,17,4488
Holly Das,A023,1 King,250,4,1200
Jimmy Swift,A024,2 King,300,5,1800
Cassie Paris,A025,1 Twin,150,6,1080
Georgie Potter,A026,2 Twin,180,9,1944
Luca Dumbledore,A027,1 Queen,200,8,1920
Lucy Granger,A028,2 Queen,220,3,792
John Weasley,A029,1 King,250,2,600
Kim Malfoy,A030,2 King,300,4,1440
Cathy Snape,A031,1 Twin,150,6,1080
Abby Lupin,A032,2 Twin,180,8,1728
Gabe Black,A033,1 Queen,200,10,2400
Teddy Patil,A034,2 Queen,220,3,792
Lorence Fudge,A035,1 King,250,4,1200
Milly Crabbe,A036,2 King,300,6,2160
Molly Goyle,A037,1 Twin,150,4,720
Patrick Trelawney,A038,2 Twin,180,3,648
Rose Lestrange,A039,1 Queen,200,2,480
Nathan Scammander,A040,2 Queen,220,2,528
Natalie Lovegood,A041,1 King,250,4,1200
Scott Dyer,A042,2 King,300,5,1800
Me Gampa,A043,1 Twin,150,5,900
Me Too,A044,2 Twin,180,6,1296
Groot Wang,A045,1 Queen,200,7,1680
Saheeteee Prattteeee,A046,2 Queen,220,7,1848
Christopher Jooobbbiii,A047,1 King,250,8,2400
Ayusha Das,A048,2 King,300,9,3240
Pearl Perry,A049,1 Twin,150,8,1440
EEEQSHAHH jr.,A050,2 Twin,180,7,1512
Kimmy Chloe Cortney Baby,A051,1 Queen,200,6,1440
Ketchup Heinz,A052,2 Queen,220,5,1320
Catsup Doofenshmirtz,A053,1 King,250,6,1800
Benedict Cucumberpatch,A054,2 King,300,7,2520
Rick Gasoline,A055,1 Twin,150,8,1440
Spella Blind,A056,2 Twin,180,7,1512
Agatha Hairpin,A057,1 Queen,200,6,1440
Tony Rogers,A058,2 Queen,220,5,1320
Steve Stark,A059,1 King,250,4,1200
Pepper Rogers,A060,2 King,300,3,1080
Morgan Stark,A061,1 Twin,150,4,720
Vision Minimoff,A062,2 Twin,180,5,1080
Maggie Thorleafson,A063,1 Queen,200,6,1440
T'Challa Parker,A064,2 Queen,220,7,1848
MJ Peters,A065,1 King,250,8,2400
Zendaya Collander,A066,2 King,300,1,360
Jacob Batallon,A067,1 Twin,150,2,360
Dave Battista,A068,2 Twin,180,3,648
Chris Pratt,A069,1 Queen,200,4,960
The Rock,A070,2 Queen,220,5,1320
Peter Quill,A071,1 King,250,4,1200
Kevin Hart,A072,2 King,300,6,2160
Gamora Thanos,A073,1 Twin,150,7,1260
Bruce Lee,A074,2 Twin,180,5,1080
Jackie Chan,A075,1 Queen,200,4,960
Elizabeth Olson,A076,2 Queen,220,7,1848
Elizabeth Bennet,A077,1 King,250,6,1800
Jane Austen,A078,2 King,300,8,2880
Taylor Swift,A079,1 Twin,150,9,1620
Sudhir Cheybbiem,A080,2 Twin,180,6,1296
Drew Rightton,A081,1 Queen,200,2,480
Blaire Waldorf,A082,2 Queen,220,3,792
Mare Barrow,A083,1 King,250,9,2700
Tiberius Calore,A084,2 King,300,5,1800
Cal Calore,A085,1 Twin,150,6,1080
Maven Calore,A086,2 Twin,180,7,1512
Diana Farley,A087,1 Queen,200,2,480
Shade Barrow,A088,2 Queen,220,4,1056
Evangeline Samos,A089,1 King,250,6,1800
Gisa Barrow,A090,2 King,300,5,1800
Elane Haven,A091,1 Twin,150,3,540
Ptomlemus Samos,A092,2 Twin,180,2,432
Volo Samos,A093,1 Queen,200,1,240
Corianne Jacobs,A094,2 Queen,220,6,1584
Julian Jacobs,A095,1 King,250,7,2100
Sarah Skonos,A096,2 King,300,3,1080
Iris Lakelander,A097,1 Twin,150,4,720
Cera Lakelander,A098,2 Twin,180,5,1080
Tiana Lakelander,A099,1 Queen,200,1,240
Mulan Fa,A100,2 Queen,220,2,528
Li Shang,A101,1 King,250,4,1200
Manwol Jang,A102,2 King,300,5,1800
Chanseong Gu,A103,1 Twin,150,6,1080
Shang-chi Xu,A104,2 Twin,180,7,1512
Xialing Xu,A105,1 Queen,200,8,1920
Wenwu Xu,A106,2 Queen,220,2,528
Andrew Garfield,A107,1 King,250,3,900
Ruiwen Chen,A108,2 King,300,4,1440
Katy Chen,A109,1 Twin,150,1,180
Harry Holland,A110,2 Twin,180,5,1080
Paddy Holland,A111,1 Queen,200,6,1440
Tessa Holland,A112,2 Queen,220,8,2112
Sam Holland,A113,1 King,250,6,1800
Nathan Drake,A114,2 King,300,3,1080
Sulli Mentor,A115,1 Twin,150,7,1260
Jude Duarte,A116,2 Twin,180,5,1080
Cardan Greenbriar,A117,1 Queen,200,4,960
Judy Hoppes,A118,2 Queen,220,3,792
Judy Garland,A119,1 King,250,2,600
Emma Stone,A120,2 King,300,14,5040